{
  "games": [
    {
      "slug": "fivem-2gb",
      "ram": 2,
      "price": 5.5,
      "storage": "75 GB NVMe"
    },
    {
      "slug": "fivem-4gb",
      "ram": 4,
      "price": 11.5,
      "storage": "100 GB NVMe"
    }
  ],
  "teamspeak": [
    {
      "slug": "ts-32",
      "slots": 32,
      "price": 2.5
    },
    {
      "slug": "ts-64",
      "slots": 64,
      "price": 4.5
    }
  ],
  "discord": [
    {
      "slug": "bot-basic",
      "price": 3.0,
      "features": [
        "Uptime monitor",
        "Auto restart"
      ]
    },
    {
      "slug": "bot-pro",
      "price": 6.0,
      "features": [
        "Everything in Basic",
        "Custom commands"
      ]
    }
  ]
}